[
    {
        "Кластер": "Екатеринбург",
        "Что в него входит": [
            "Алтайский край",
            "Амурская область",
            "Еврейская автономная область",
            "Забайкальский край",
            "Иркутская область",
            "Камчатский край",
            "Кемеровская область (Кузбасс)",
            "Красноярский край",
            "Курганская область",
            "Магаданская область",
            "Новосибирская область",
            "Омская область",
            "Пермский край",
            "Приморский край",
            "Республика Алтай",
            "Республика Бурятия",
            "Республика Саха (Якутия)",
            "Республика Тыва",
            "Республика Хакасия",
            "Свердловская область",
            "Томская область",
            "Тюменская область",
            "Хабаровский край",
            "Челябинская область"
        ]
    },
    {
        "Кластер": "Москва",
        "Что в него входит": [
            "Брянская область",
            "Владимирская область",
            "Вологодская область",
            "Ивановская область",
            "Калининградская область",
            "Калужская область",
            "Кировская область",
            "Костромская область",
            "Москва и Московская область",
            "Московская область",
            "Орловская область",
            "Республика Коми",
            "Рязанская область",
            "Сахалинская область",
            "Смоленская область",
            "Тверская область",
            "Тульская область",
            "Ханты-Мансийский автономный округ - Югра",
            "Чукотский автономный округ",
            "Ямало-Ненецкий автономный округ",
            "Ярославская область"
        ]
    },
    {
        "Кластер": "Ростов",
        "Что в него входит": [
            "Астраханская область",
            "Белгородская область",
            "Волгоградская область",
            "Воронежская область",
            "Кабардино-Балкарская Республика",
            "Карачаево-Черкесская Республика",
            "Краснодарский край",
            "Курская область",
            "Липецкая область",
            "Республика Адыгея",
            "Республика Дагестан",
            "Республика Ингушетия",
            "Республика Калмыкия",
            "Республика Крым",
            "Республика Северная Осетия — Алания",
            "Ростовская область",
            "Севастополь",
            "Ставропольский край",
            "Тамбовская область",
            "Чеченская Республика"
        ]
    },
    {
        "Кластер": "Самара",
        "Что в него входит": [
            "Нижегородская область",
            "Оренбургская область",
            "Пензенская область",
            "Республика Башкортостан",
            "Республика Марий Эл",
            "Республика Мордовия",
            "Республика Татарстан",
            "Самарская область",
            "Саратовская область",
            "Удмуртская Республика",
            "Ульяновская область",
            "Чувашская Республика"
        ]
    },
    {
        "Кластер": "Санкт-Петербург",
        "Что в него входит": [
            "Архангельская область",
            "Ленинградская область",
            "Мурманская область",
            "Ненецкий автономный округ",
            "Новгородская область",
            "Псковская область",
            "Республика Карелия",
            "Санкт-Петербург и Ленинградская область"
        ]
    }
]