{
    "Москва-Запад": [
        "МО Гривно РФЦ",
        "МО Гривно РФЦ Негабарит",
        "МО Давыдовское РФЦ Негабарит",
        "МО Домодедово РФЦ",
        "МО Павловская Слобода РФЦ Негабарит",
        "МО Петровское РФЦ",
        "МО Хоругвино РФЦ",
        "МО Хоругвино РФЦ Негабарит",
        "МО Софьино РФЦ"
    ],
    "Москва-Восток и Дальние регионы": [
        "МО Жуковский РФЦ",
        "МО Ногинск РФЦ",
        "МО Ногинск РФЦ Негабарит",
        "МО Пушкино-1 РФЦ",
        "МО Пушкино-2 РФЦ",
        "Тверь РФЦ",
        "Тверь Хаб"
    ],
    "Санкт-Петербург и СЗО": [
        "Санкт-Петербург РФЦ",
        "СПБ Бугры РФЦ",
        "СПБ Бугры РФЦ Ювелирный",
        "СПБ Колпино РФЦ (с 2.09)",
        "СПБ Шушары РФЦ",
        "СПБ Шушары РФЦ Негабарит"
    ],
    "Дон": [
        "Воронеж МРФЦ",
        "Воронеж-2 РФЦ",
        "Волгоград МРФЦ",
        "Ростов-на-Дону РФЦ"
    ],
    "Юг": [
        "Адыгейск РФЦ",
        "Адыгейск РФЦ Ювелирный",
        "Невинномысск РФЦ",
        "Новороссийск МРФЦ",
        "Южный Обход РФЦ Негабарит"
    ],
    "Поволжье": [
        "Казань РФЦ",
        "Нижний Новгород РФЦ",
        "Оренбург РФЦ",
        "Самара РФЦ",
        "Самара РФЦ Негабарит",
        "Самара РФЦ Ювелирный"
    ],
    "Урал": [
        "Екатеринбург РФЦ",
        "Екатеринбург РФЦ Негабарит",
        "Екатеринбург РФЦ Ювелирный"
    ],
    "Сибирь": [
        "Красноярск МРФЦ",
        "Новосибирск РФЦ",
        "Новосибирск РФЦ Ювелирный",
        "Омск РФЦ (с 9.09)"
    ],
    "Калининград": [
        "Калининград МРФЦ"
    ],
    "Дальний Восток": [
        "Хабаровск-2 РФЦ"
    ],
    "Беларусь": [
        "Минск МПСЦ"
    ],
    "Казахстан": [
        "Астана РФЦ",
        "Алматы МРФЦ"
    ]
}
