[
    {
        "Кластер": "Москва",
        "Склады": [
            {"id": 172},
            {"id": 501},
            {"id": 500},
            {"id": 308},
            {"id": 304}
        ]
    },
    {
        "Кластер": "Санкт-Петербург",
        "Склады": [
            {"id": 301}
        ]
    },
    {
        "Кластер": "Екатеринбург",
        "Склады": [
            {"id": 300}
        ]
    },
    {
        "Кластер": "Самара",
        "Склады": [
            {"id": 302}
        ]
    },
    {
        "Кластер": "Ростов",
        "Склады": [
            {"id": 147},
            {"id": 305}
        ]
    }
]
